metric,parameter,S1,S1_conf,ST,ST_conf
de_reliability,alpha_betz_warning,0.47557978849824856,0.06685112705568967,0.5934760321817255,0.0645106934322408
de_reliability,alpha_bm_warning,0.38204709820523014,0.05744434371410072,0.5041721046839759,0.0447363151334864
de_reliability,m_lb,-0.01024427833101759,0.01861836918463603,0.01533226156799479,0.02786547739961472
de_reliability,tau_recovery,3.0183195573523168e-05,0.020158798471341072,0.026103582949321694,0.0275285233238815
de_reliability,q_nj_warning,-0.01024427833101759,0.01861836918463603,0.01533226156799479,0.02786547739961472
de_reliability,ierq_max_bg,-0.01024427833101759,0.01861836918463603,0.01533226156799479,0.02786547739961472
de_resiliency,alpha_betz_warning,0.41705755403287464,0.0572421569621991,0.5498194455150736,0.05025986797237803
de_resiliency,alpha_bm_warning,0.42272902345661395,0.05267939578512211,0.561639755754321,0.0574160789184547
de_resiliency,m_lb,-0.00931102506925188,0.01701871923633577,0.011928643339307123,0.021803209673708468
de_resiliency,tau_recovery,0.001813982420648704,0.019084027884937762,0.022467103567583902,0.0216298739734164
de_resiliency,q_nj_warning,-0.00931102506925188,0.01701871923633577,0.011928643339307123,0.021803209673708468
de_resiliency,ierq_max_bg,-0.00931102506925188,0.01701871923633577,0.011928643339307123,0.021803209673708468
de_vulnerability,alpha_betz_warning,0.5962108038694831,0.11814692836123868,0.8359102057980846,0.059349340744434896
de_vulnerability,alpha_bm_warning,0.160529922090901,0.04348590058953984,0.4050765589668102,0.12751447333701102
de_vulnerability,m_lb,0.019644622027456014,0.028314074101020725,0.1261427335437967,0.18181132219660728
de_vulnerability,tau_recovery,0.023288844635172154,0.028064483840616484,0.13128694662133583,0.18050690844425574
de_vulnerability,q_nj_warning,0.019644622027456014,0.028314074101020725,0.1261427335437967,0.18181132219660728
de_vulnerability,ierq_max_bg,0.019644622027456014,0.028314074101020725,0.1261427335437967,0.18181132219660728
de_shortfall_days,alpha_betz_warning,0.4755797884983825,0.07251414658726418,0.5934760321817768,0.05716775326604729
de_shortfall_days,alpha_bm_warning,0.3820470982051191,0.06340714564813109,0.5041721046838871,0.06327874890681598
de_shortfall_days,m_lb,-0.01024427833101727,0.021580365516374576,0.015332261567993024,0.03229859616642176
de_shortfall_days,tau_recovery,3.018319558176719e-05,0.022874943893231362,0.026103582949310707,0.031808620942938785
de_shortfall_days,q_nj_warning,-0.01024427833101727,0.021580365516374576,0.015332261567993024,0.03229859616642176
de_shortfall_days,ierq_max_bg,-0.01024427833101727,0.021580365516374576,0.015332261567993024,0.03229859616642176
de_max_deficit_mgd,alpha_betz_warning,0.5962108038694814,0.13305157197596454,0.8359102057980841,0.07318566228958336
de_max_deficit_mgd,alpha_bm_warning,0.16052992209090097,0.03791190901792437,0.4050765589668102,0.13980308517075643
de_max_deficit_mgd,m_lb,0.019644622027455653,0.03160830231475419,0.12614273354379663,0.20296433553617324
de_max_deficit_mgd,tau_recovery,0.02328884463517232,0.03147182823373091,0.1312869466213362,0.2016884691986178
de_max_deficit_mgd,q_nj_warning,0.019644622027455653,0.03160830231475419,0.12614273354379663,0.20296433553617324
de_max_deficit_mgd,ierq_max_bg,0.019644622027455653,0.03160830231475419,0.12614273354379663,0.20296433553617324
nyc_ierq_exhaustion_days,alpha_betz_warning,0.41306656356937743,0.3028730463255641,0.886038021048178,0.10541749934238567
nyc_ierq_exhaustion_days,alpha_bm_warning,0.14876479553695568,0.08178945579180807,0.5864616522916518,0.30660238517621824
nyc_ierq_exhaustion_days,m_lb,0.025210957938597258,0.030164805643767858,0.38363304959323075,0.45901533800066474
nyc_ierq_exhaustion_days,tau_recovery,0.02709272954853497,0.029908831961264395,0.3972607216883853,0.44800350059923766
nyc_ierq_exhaustion_days,q_nj_warning,0.025210957938597258,0.030164805643767858,0.38363304959323075,0.45901533800066474
nyc_ierq_exhaustion_days,ierq_max_bg,0.025210957938597258,0.030164805643767858,0.38363304959323075,0.45901533800066474
nyc_ierq_exhaustion_reliability,alpha_betz_warning,0.41306656356935983,0.27743200229734594,0.8860380210481704,0.10377842820931621
nyc_ierq_exhaustion_reliability,alpha_bm_warning,0.14876479553695962,0.08089341618993001,0.5864616522916676,0.2953879172681287
nyc_ierq_exhaustion_reliability,m_lb,0.025210957938596776,0.028554234260289944,0.38363304959324124,0.4345074072454921
nyc_ierq_exhaustion_reliability,tau_recovery,0.02709272954853297,0.027194222258093592,0.39726072168839627,0.42389022991524644
nyc_ierq_exhaustion_reliability,q_nj_warning,0.025210957938596776,0.028554234260289944,0.38363304959324124,0.4345074072454921
nyc_ierq_exhaustion_reliability,ierq_max_bg,0.025210957938596776,0.028554234260289944,0.38363304959324124,0.4345074072454921
pa_depletion_days,alpha_betz_warning,0.746945336710982,0.07001229874169188,0.7613408748829107,0.06424300550199438
pa_depletion_days,alpha_bm_warning,0.23528995796995922,0.04261472923968999,0.2503448844320272,0.023894631105410943
pa_depletion_days,m_lb,-0.0006089675074838921,0.0011085821226713038,9.331338819076169e-05,0.0001698703997879595
pa_depletion_days,tau_recovery,-0.0005932278817409341,0.001102469092119492,9.373481638808643e-05,0.00016982843339136792
pa_depletion_days,q_nj_warning,-0.0006089675074838921,0.0011085821226713038,9.331338819076169e-05,0.0001698703997879595
pa_depletion_days,ierq_max_bg,-0.0006089675074838921,0.0011085821226713038,9.331338819076169e-05,0.0001698703997879595
pa_depletion_reliability,alpha_betz_warning,0.7469453367109822,0.05927815507499918,0.7613408748829106,0.05597067281446892
pa_depletion_reliability,alpha_bm_warning,0.23528995796995922,0.041191840543249265,0.2503448844320271,0.02377631336969812
pa_depletion_reliability,m_lb,-0.000608967507483894,0.001164665103683973,9.331338819076297e-05,0.00017846411441775018
pa_depletion_reliability,tau_recovery,-0.0005932278817409359,0.0011537120025510582,9.373481638808738e-05,0.00017840944667658508
pa_depletion_reliability,q_nj_warning,-0.000608967507483894,0.001164665103683973,9.331338819076297e-05,0.00017846411441775018
pa_depletion_reliability,ierq_max_bg,-0.000608967507483894,0.001164665103683973,9.331338819076297e-05,0.00017846411441775018
pa_min_storage_frac,alpha_betz_warning,0.05120905965537029,0.33604077118720815,0.9740113447667049,0.16741985447105193
pa_min_storage_frac,alpha_bm_warning,0.03545314469196436,0.1780044800736834,0.9554562579417409,0.3379895755929944
pa_min_storage_frac,m_lb,0.01667080659638995,0.016422924796979137,0.9015512658578937,0.8881459066900689
pa_min_storage_frac,tau_recovery,0.016084610028943187,0.032552277193378755,0.9125145588091226,0.7753954882035836
pa_min_storage_frac,q_nj_warning,0.01667080659638995,0.016422924796979137,0.9015512658578937,0.8881459066900689
pa_min_storage_frac,ierq_max_bg,0.01667080659638995,0.016422924796979137,0.9015512658578937,0.8881459066900689
pa_depletion_resiliency,alpha_betz_warning,0.3373573670406524,0.10295019570530296,0.8559291295775546,0.14014242619618994
pa_depletion_resiliency,alpha_bm_warning,0.11438779638579832,0.0745681192613923,0.6524419077241908,0.1322260909999907
pa_depletion_resiliency,m_lb,0.00018803879735563545,0.0003754499243491177,0.0010302448170292188,0.002057050694081661
pa_depletion_resiliency,tau_recovery,0.00030989948366109277,0.0016820604315119204,0.001346378809105582,0.0020618735560055585
pa_depletion_resiliency,q_nj_warning,0.00018803879735563545,0.0003754499243491177,0.0010302448170292188,0.002057050694081661
pa_depletion_resiliency,ierq_max_bg,0.00018803879735563545,0.0003754499243491177,0.0010302448170292188,0.002057050694081661
nj_lb_restriction_days,alpha_betz_warning,0.18127485077071853,0.03716949994283302,0.20273051028714642,0.018990599560829415
nj_lb_restriction_days,alpha_bm_warning,0.7582352287488228,0.05904670498587524,0.781727845230945,0.05985464681907504
nj_lb_restriction_days,m_lb,-0.00035552224224938824,0.0007025109706561222,1.633274091027312e-05,3.2273451016047284e-05
nj_lb_restriction_days,tau_recovery,0.035352512015513295,0.01565722194837914,0.03677126252436661,0.0033310851602299653
nj_lb_restriction_days,q_nj_warning,-0.00035552224224938824,0.0007025109706561222,1.633274091027312e-05,3.2273451016047284e-05
nj_lb_restriction_days,ierq_max_bg,-0.00035552224224938824,0.0007025109706561222,1.633274091027312e-05,3.2273451016047284e-05
nj_shortfall_days,alpha_betz_warning,0.17618536640135066,0.03247440759931177,0.19739019429444435,0.018689927371352853
nj_shortfall_days,alpha_bm_warning,0.7614269080808735,0.0655052708798439,0.784543766846074,0.06462454060111747
nj_shortfall_days,m_lb,-0.00046106047430223573,0.0008987292540341632,2.7539587450489856e-05,5.368196639116531e-05
nj_shortfall_days,tau_recovery,0.037298139609620765,0.017309742544915078,0.03890782901487498,0.003260139993565856
nj_shortfall_days,q_nj_warning,-0.00046106047430223573,0.0008987292540341632,2.7539587450489856e-05,5.368196639116531e-05
nj_shortfall_days,ierq_max_bg,-0.00046106047430223573,0.0008987292540341632,2.7539587450489856e-05,5.368196639116531e-05
nj_delivery_reliability,alpha_betz_warning,0.28797027849780277,0.0433332252519707,0.31640205180653086,0.02868822515468311
nj_delivery_reliability,alpha_bm_warning,0.6443487718212815,0.061147740411611966,0.6757120093097321,0.05583518103250588
nj_delivery_reliability,m_lb,1.2043523245258451e-05,2.3235625753120067e-05,1.9385177715420973e-08,3.739991407668667e-08
nj_delivery_reliability,tau_recovery,0.03596191973719598,0.017902855945744953,0.03666363096890317,0.0034777962658279725
nj_delivery_reliability,q_nj_warning,1.2043523245258451e-05,2.3235625753120067e-05,1.9385177715420973e-08,3.739991407668667e-08
nj_delivery_reliability,ierq_max_bg,1.2043523245258451e-05,2.3235625753120067e-05,1.9385177715420973e-08,3.739991407668667e-08
nj_mean_delivery_mgd,alpha_betz_warning,0.19789416998253864,0.036039982167392716,0.22065836393173496,0.017131556641544064
nj_mean_delivery_mgd,alpha_bm_warning,0.733298852419638,0.060474584111951175,0.7580754816075936,0.058814380494871574
nj_mean_delivery_mgd,m_lb,-0.00046293381049038483,0.0008168925034101892,2.7613513347434983e-05,4.872677591304461e-05
nj_mean_delivery_mgd,tau_recovery,0.04216143885754209,0.019506023259673648,0.0436244268663628,0.0037352381115540673
nj_mean_delivery_mgd,q_nj_warning,-0.00046293381049038483,0.0008168925034101892,2.7613513347434983e-05,4.872677591304461e-05
nj_mean_delivery_mgd,ierq_max_bg,-0.00046293381049038483,0.0008168925034101892,2.7613513347434983e-05,4.872677591304461e-05
ny_reliability,alpha_betz_warning,-0.0063327952897604635,0.19236402481552975,0.9999563695997301,0.3288864049829569
ny_reliability,alpha_bm_warning,-0.004583450944973101,0.28105073749739273,0.9929727327421423,0.2271892286818522
ny_reliability,m_lb,-0.009829983385358749,0.009337755523647535,0.9801346274668806,0.9310552391348796
ny_reliability,tau_recovery,-0.009637720637614698,0.02343005070242268,0.9830482872866738,0.8244063671678383
ny_reliability,q_nj_warning,-0.009829983385358749,0.009337755523647535,0.9801346274668806,0.9310552391348796
ny_reliability,ierq_max_bg,-0.009829983385358749,0.009337755523647535,0.9801346274668806,0.9310552391348796
ny_resiliency,alpha_betz_warning,0.040323173282389484,0.5169081611659219,0.9957296078951552,0.11225957521861486
ny_resiliency,alpha_bm_warning,0.01515409937339114,0.06154493955482386,0.9626182320398633,0.5470748877393269
ny_resiliency,m_lb,0.01162532158310115,0.010880489812088025,0.9490263811138431,0.888222471722578
ny_resiliency,tau_recovery,0.0115403275784729,0.023544868686275262,0.9545495642966817,0.7446477164894093
ny_resiliency,q_nj_warning,0.01162532158310115,0.010880489812088025,0.9490263811138431,0.888222471722578
ny_resiliency,ierq_max_bg,0.01162532158310115,0.010880489812088025,0.9490263811138431,0.888222471722578
ny_vulnerability,alpha_betz_warning,6.043453900219551e-05,0.17810054781038018,1.0092501275475463,0.22313255054723968
ny_vulnerability,alpha_bm_warning,-0.00014883899973997693,0.04714569343009545,0.9998732500056495,0.33261403825633346
ny_vulnerability,m_lb,-0.00010678834111929562,0.00010421436590571771,0.9991163381503617,0.975034114726675
ny_vulnerability,tau_recovery,-0.00014785924536991804,0.047246573642709636,0.9999994019814434,0.2517452439343194
ny_vulnerability,q_nj_warning,-0.00010678834111929562,0.00010421436590571771,0.9991163381503617,0.975034114726675
ny_vulnerability,ierq_max_bg,-0.00010678834111929562,0.00010421436590571771,0.9991163381503617,0.975034114726675
ny_shortfall_days,alpha_betz_warning,-0.006332795289827649,0.1990254315067629,0.9999563695997451,0.33393397449002116
ny_shortfall_days,alpha_bm_warning,-0.004583450945054628,0.2850007577663308,0.9929727327421652,0.25392913527393685
ny_shortfall_days,m_lb,-0.009829983385411334,0.009628942821418322,0.9801346274668229,0.9600891390291265
ny_shortfall_days,tau_recovery,-0.009637720637671493,0.02648862023381072,0.9830482872867404,0.850986881847169
ny_shortfall_days,q_nj_warning,-0.009829983385411334,0.009628942821418322,0.9801346274668229,0.9600891390291265
ny_shortfall_days,ierq_max_bg,-0.009829983385411334,0.009628942821418322,0.9801346274668229,0.9600891390291265
