realization,status,path
0,ok,D4_distributed_risk/results/sobol/synthetic_flows/realization_000.parquet
1,ok,D4_distributed_risk/results/sobol/synthetic_flows/realization_001.parquet
2,ok,D4_distributed_risk/results/sobol/synthetic_flows/realization_002.parquet
3,ok,D4_distributed_risk/results/sobol/synthetic_flows/realization_003.parquet
4,ok,D4_distributed_risk/results/sobol/synthetic_flows/realization_004.parquet
5,ok,D4_distributed_risk/results/sobol/synthetic_flows/realization_005.parquet
6,ok,D4_distributed_risk/results/sobol/synthetic_flows/realization_006.parquet
7,ok,D4_distributed_risk/results/sobol/synthetic_flows/realization_007.parquet
8,ok,D4_distributed_risk/results/sobol/synthetic_flows/realization_008.parquet
9,ok,D4_distributed_risk/results/sobol/synthetic_flows/realization_009.parquet
10,ok,D4_distributed_risk/results/sobol/synthetic_flows/realization_010.parquet
11,ok,D4_distributed_risk/results/sobol/synthetic_flows/realization_011.parquet
12,ok,D4_distributed_risk/results/sobol/synthetic_flows/realization_012.parquet
13,ok,D4_distributed_risk/results/sobol/synthetic_flows/realization_013.parquet
14,ok,D4_distributed_risk/results/sobol/synthetic_flows/realization_014.parquet
15,ok,D4_distributed_risk/results/sobol/synthetic_flows/realization_015.parquet
16,ok,D4_distributed_risk/results/sobol/synthetic_flows/realization_016.parquet
17,ok,D4_distributed_risk/results/sobol/synthetic_flows/realization_017.parquet
18,ok,D4_distributed_risk/results/sobol/synthetic_flows/realization_018.parquet
19,ok,D4_distributed_risk/results/sobol/synthetic_flows/realization_019.parquet
20,ok,D4_distributed_risk/results/sobol/synthetic_flows/realization_020.parquet
21,ok,D4_distributed_risk/results/sobol/synthetic_flows/realization_021.parquet
22,ok,D4_distributed_risk/results/sobol/synthetic_flows/realization_022.parquet
23,ok,D4_distributed_risk/results/sobol/synthetic_flows/realization_023.parquet
24,ok,D4_distributed_risk/results/sobol/synthetic_flows/realization_024.parquet
25,ok,D4_distributed_risk/results/sobol/synthetic_flows/realization_025.parquet
26,ok,D4_distributed_risk/results/sobol/synthetic_flows/realization_026.parquet
27,ok,D4_distributed_risk/results/sobol/synthetic_flows/realization_027.parquet
28,ok,D4_distributed_risk/results/sobol/synthetic_flows/realization_028.parquet
29,ok,D4_distributed_risk/results/sobol/synthetic_flows/realization_029.parquet
30,ok,D4_distributed_risk/results/sobol/synthetic_flows/realization_030.parquet
31,ok,D4_distributed_risk/results/sobol/synthetic_flows/realization_031.parquet
32,ok,D4_distributed_risk/results/sobol/synthetic_flows/realization_032.parquet
33,ok,D4_distributed_risk/results/sobol/synthetic_flows/realization_033.parquet
34,ok,D4_distributed_risk/results/sobol/synthetic_flows/realization_034.parquet
35,ok,D4_distributed_risk/results/sobol/synthetic_flows/realization_035.parquet
36,ok,D4_distributed_risk/results/sobol/synthetic_flows/realization_036.parquet
37,ok,D4_distributed_risk/results/sobol/synthetic_flows/realization_037.parquet
38,ok,D4_distributed_risk/results/sobol/synthetic_flows/realization_038.parquet
39,ok,D4_distributed_risk/results/sobol/synthetic_flows/realization_039.parquet
40,ok,D4_distributed_risk/results/sobol/synthetic_flows/realization_040.parquet
41,ok,D4_distributed_risk/results/sobol/synthetic_flows/realization_041.parquet
42,ok,D4_distributed_risk/results/sobol/synthetic_flows/realization_042.parquet
43,ok,D4_distributed_risk/results/sobol/synthetic_flows/realization_043.parquet
44,ok,D4_distributed_risk/results/sobol/synthetic_flows/realization_044.parquet
45,ok,D4_distributed_risk/results/sobol/synthetic_flows/realization_045.parquet
46,ok,D4_distributed_risk/results/sobol/synthetic_flows/realization_046.parquet
47,ok,D4_distributed_risk/results/sobol/synthetic_flows/realization_047.parquet
48,ok,D4_distributed_risk/results/sobol/synthetic_flows/realization_048.parquet
49,ok,D4_distributed_risk/results/sobol/synthetic_flows/realization_049.parquet
